feature,delta_quality_-10pct,delta_quality_+10pct,abs_max_impact_10pct
pH,0.12981008276257722,-0.12981008276257633,0.12981008276257722
volatile acidity,0.05874960869490753,-0.05874960869490753,0.05874960869490753
fixed acidity,-0.021652847682952725,0.021652847682953613,0.021652847682953613
total sulfur dioxide,0.00997215690315656,-0.009972156903155671,0.00997215690315656
residual sugar,-0.003457393883396165,0.003457393883396165,0.003457393883396165
free sulfur dioxide,-0.003159427139757476,0.003159427139758364,0.003159427139758364
